<?xml version="1.0" encoding="UTF-8" standalone="yes"?>
<addressbook>
    <persons>
        <name>David Li</name>
        <phone>91031282</phone>
        <address>Blk 436 Serangoon Gardens Street 26, #16-43</address>
        <birthday>11-09-1998</birthday>
        <email>lidavid@example.com</email>
        <group>Test</group>
        <remark></remark>
        <tagged>family</tagged>
    </persons>
    <persons>
        <name>Roy Balakrishnan</name>
        <phone>92624417</phone>
        <address>Blk 45 Aljunied Street 85, #11-31</address>
        <birthday>11-09-1998</birthday>
        <email>royb@example.com</email>
        <group>Test</group>
        <remark></remark>
        <tagged>colleagues</tagged>
    </persons>
    <persons>
        <name>Irfan Ibrahim</name>
        <phone>92492021</phone>
        <address>Blk 47 Tampines Street 20, #17-35</address>
        <birthday>11-09-1998</birthday>
        <email>irfan@example.com</email>
        <group>Test</group>
        <remark></remark>
        <tagged>classmates</tagged>
    </persons>
    <persons>
        <name>haha</name>
        <phone>12345678</phone>
        <address>address</address>
        <birthday>12-09-1998</birthday>
        <email>email@email.com</email>
        <group>Test</group>
        <remark></remark>
    </persons>
    <persons>
        <name>Momo Ng</name>
        <phone>12345678</phone>
        <address>blk 1 clementi str 45, #09-08</address>
        <birthday>11-09-1998</birthday>
        <email>momo@gmail.com</email>
        <group>Test</group>
        <remark></remark>
    </persons>
    <persons>
        <name>John Doe</name>
        <phone>98765432</phone>
        <address>John street, block 123, #01-01</address>
        <birthday></birthday>
        <email>johnd@example.com</email>
        <group></group>
        <remark></remark>
    </persons>
    <tags>family</tags>
    <tags>colleagues</tags>
    <tags>classmates</tags>
    <groups>Test</groups>
</addressbook>
